Let's Play 2,Down & Out,Another One Bites The Dust,Hot Dog Johnny,Monthly Donation 2,O's Before Hoes
P. Goldschmidt,P. Goldschmidt,Y. Cespedes,J. Donaldson,M. Trout,P. Goldschmidt
C. Davis,J. Votto,T. Frazier,C. Davis,R. Braun,C. Davis
S. Pearce,P. Alvarez,Y. Puig,Y. Puig,Y. Puig,G. Stanton
G. Springer,G. Springer,P. Sandoval,G. Springer,P. Alvarez,J. Bruce
A. Pujols,C. Gomez,R. Cano,M. Trumbo,T. Tulowitzki,M. Trumbo
B. Harper,B. Harper,A. Rizzo,B. Harper,N. Arenado,B. Harper
M. Trumbo,E. Gattis,B. Belt,E. Gattis,S. Marte,R. Cano
NADS,Hitmen,Joeken,Jersey Joceys,Stennis,Team F.U.S.
P. Goldschmidt,A. Rizzo,J. Bautista,D. Ortiz,P. Goldschmidt,M. Trout
C. Davis,C. Davis,T. Frazier,E. Longoria,G. Stanton,B. Moss
M. Cabrera,Y. Puig,C. Beltran,H. Pence,M. Cabrera,J. Bruce
G. Springer,G. Springer,C. Headley,M. Holiday,P. Sandoval,G. Springer
M. Trumbo,T. Tulowitzki,S. Smith,G. Jones,J. Werth,J. Rollins
B. Harper,B. Harper,M. Teixera,J. Werth,B. Harper,M. Machado
R. Braun,H. Ramirez,X. Bogaerts,S. Soo-Choo,R. Cano,M. Montero
My Clemente,Better Call Paul..Goldschmidt,Bilge Rat,Mazztradamus,Shy Wolf of Naples,Little Lebowski Urban Achievers
M. Cabrera,P. Goldschmidt,P. Goldschmidt,M. Teixera,J. Donaldson,Y. Cespedes
C. Davis,G. Stanton,M. Trout,M. Trout,C. Davis,C. Davis
T. Tulowitzki,M. Cabrera,T. Tulowitzki,Y. Puig,Y. Puig,Y. Puig
G. Springer,N. Arenado,R. Braun,R. Braun,M. Cabrera,M. Kemp
M. Trumbo,M. Trumbo,M. Trumbo,J. Bruce,R. Braun,M. Trumbo
B. Harper,B. Harper,B. Harper,M. Adams,B. Harper,B. Harper
E. Gattis,H. Ramirez,B. Belt,H. Ramirez,M. Machado,E. Gattis
MaxNilf,Morvay's Beard,Syphilitic Madness,High Rollers,The No Necks,Blonde Bombers
M. Trout,M. Trout,A. Rizzo,P. Goldschmidt,P. Goldschmidt,P. Goldschmidt
B. McCann,J. Morneau,C. Dickerson,G. Stanton,C. Davis,G. Stanton
T. Tulowitzki,J. Votto,N. Arenado,M. Cabrera,J. Bruce,P. Alvarez
C. Granderson,C. Granderson,C. Granderson,R. Braun,G. Springer,G. Springer
M. Wieters,P. Sandoval,M. Wieters,M. Trumbo,M. Trumbo,M. Trumbo
J. Upton,R. Cano,B. Harper,B. Harper,B. Harper,R. Braun
M. Machado,M. Prado,H. Ramirez,R. Cano,A. Jones,R. Cano
Dirty Birds,Underdogs,Staten Island Longshoreman,Brooklyn Bombers,Kane's Crew,Caldwell Crusher
A. Rizzo,M. Cabrera,P. Goldschmidt,P. Goldschmidt,P. Goldschmidt,G. Stanton
J. Donaldson,M. Kemp,G. Stanton,M. Cabrera,C. Davis,A. Jones
T. Tulowitzki,H. Ramirez,A. Rizzo,G. Stanton,M. Cabrera,A. Beltre
Y. Puig,R. Cano,J. Reddick,Y. Puig,G. Springer,C. Beltran
M. Trumbo,M. Trumbo,M. Trumbo,J. Morneau,M. Trumbo,M. Trumbo
M. Napoli,B. Harper,B. Harper,B. Harper,P. Alvarez,B. Harper
B. Belt,B. Belt,K. Wong,R. Cano,J. Bruce,H. Ramirez
Jersey Drake,Holtsville Homers,Nutley Numbnuts,Long Island Long Balls,Bruno's Beasts,Monthly Donation
P. Goldschmidt,P. Goldschmidt,P. Goldschmidt,P. Goldschmidt,P. Goldschmidt,P. Goldschmidt
J. Bautista,C. Davis,M. Cabrera,M. Cabrera,J. Abreu,C. Davis
M. Cabrera,K. Davis,T. Tulowitzki,E. Encarnacion,J. Bruce,M. Cabrera
Y. Puig,G. Springer,J. Bruce,G. Springer,H. Ramirez,G. Springer
M. Trumbo,M. Trumbo,M. Trumbo,J. Bruce,M. Trumbo,M. Trumbo
B. Harper,P. Alvarez,R. Braun,B. Harper,B. Harper,B. Harper
R. Braun,E. Gattis,E. Gattis,J. Reddick,T. D'Arnaud,E. Gattis
Nashville Jabronis,Bounty Hunters,Baby Bev's Baskers,Sports Pope,Suburban Commando,Purple Haze
P. Goldschmidt,P. Goldschmidt,P. Goldschmidt,P. Goldschmidt,P. Goldschmidt,P. Goldschmidt
M. Cabrera,C. Davis,C. Davis,G. Stanton,J. Bautista,C. Davis
C. Headley,M. Cabrera,M. Cabrera,M. Cabrera,T. Tulowitzki,M. Cabrera
G. Springer,G. Springer,T. Tulowitzki,G. Springer,G. Springer,G. Springer
M. Trumbo,M. Trumbo,M. Trumbo,M. Trumbo,M. Trumbo,M. Trumbo
J. Bruce,B. Harper,R. Braun,B. Harper,B. Harper,J. Bruce
N. Arenado,E. Gattis,M. Napoli,H. Ramirez,R. Braun,P. Alvarez
CYAHLATAH,Duderino,Ass to McClouth,Nowaks Sluggers,Team Soto,Back Back Gone
Y. Cespedes,P. Goldschmidt,Y. Cespedes,M. Cabrera,P. Goldschmidt,F. Freeman
J. Abreu,A. Rizzo,C. Davis,C. Davis,E. Encarnacion,E. Encarnacion
P. Sandoval,M. Cabrera,Y. Puig,E. Longoria,A. LaRoche,T. Tulowitzki
M. Napoli,G. Springer,G. Springer,C. Granderson,G. Springer,Y. Puig
M. Trumbo,Y. Puig,M. Trumbo,R. Braun,M. Trumbo,C. Granderson
B. Harper,B. Harper,B. Harper,C. Beltran,B. Harper,M. Adams
C. Gomez,B. Belt,L. Duda,R. Cano,R. Cano,M. Napoli
San Man,Savanna Club,Joe Buck Yourself,Rusty Trumbo,Podiatribe,Evil Empire
P. Goldschmidt,P. Goldschmidt,P. Goldschmidt,P. Goldschmidt,P. Goldschmidt,P. Goldschmidt
J. Abreu,M. Trout,Y. Cespedes,C. Davis,G. Stanton,A. Rizzo
M. Cabrera,A. McCutchen,Y. Puig,P. Alvarez,Y. Cespedes,F. Freeman
G. Springer,A. Beltre,G. Springer,G. Springer,Y. Puig,J. Singleton
M. Trumbo,M. Trumbo,A. McCutchen,M. Trumbo,M. Trumbo,B. Moss
B. Harper,B. Harper,B. Harper,J. Bruce,B. Harper,B. Belt
H. Ramirez,R. Cano,C. Gomez,E. Gattis,N. Arenado,E. Gattis
OTW,86 Mets,Midway Express,Grass Power,T & D Sluggers,SUDDDS
P. Goldschmidt,P. Goldschmidt,M. Trout,E. Encarnacion,M. Trout,M. Kemp
C. Davis,C. Davis,T. Tulowitzki,A. Rizzo,T. Frazier,C. Davis
J. Donaldson,M. Trout,Y. Puig,C. Granderson,P. Goldschmidt,J. Votto
G. Springer,P. Alvarez,C. Headley,Y. Puig,M. Trumbo,C. Granderson
M. Trumbo,M. Trumbo,H. Pence,M. Trumbo,P. Alvarez,A. Beltre
B. Harper,B. Harper,J. Votto,B. Harper,B. Harper,B. Harper
C. Granderson,B. Belt,R. Cano,B. Belt,J. Upton,J. Upton
